title,url
class com.bumptech.glide.load.engine.GlideException: Failed to load resource,/questions/55473076/class-com-bumptech-glide-load-engine-glideexception-failed-to-load-resource
How to add dynamic data to options on selectpicker using jQuery?,/questions/55473075/how-to-add-dynamic-data-to-options-on-selectpicker-using-jquery
How to FILTER rows that are not blank?,/questions/55473073/how-to-filter-rows-that-are-not-blank
Inserting html in ckeditor causes syntaxerror ( laravel ),/questions/55473072/inserting-html-in-ckeditor-causes-syntaxerror-laravel
Count pattern occurring in a vector of 0 and 1,/questions/55473069/count-pattern-occurring-in-a-vector-of-0-and-1
Clustering of gene co-expression network by igraph R package,/questions/55473065/clustering-of-gene-co-expression-network-by-igraph-r-package
htaccess rewrite rule for categories and sub categories,/questions/55473064/htaccess-rewrite-rule-for-categories-and-sub-categories
bootstrap datepicker on change,/questions/55473063/bootstrap-datepicker-on-change
How can I install/add a virtual printer using c# and commands?,/questions/55473060/how-can-i-install-add-a-virtual-printer-using-c-sharp-and-commands
Correct way to write() and read() in FIFO when buffer sizes for clients are different,/questions/55473059/correct-way-to-write-and-read-in-fifo-when-buffer-sizes-for-clients-are-diff
SEGV_ACCERR CFNetwork _spdylay_map_find,/questions/55473057/segv-accerr-cfnetwork-spdylay-map-find
How to draw route by selecting a markers with places autocomplete?,/questions/55473055/how-to-draw-route-by-selecting-a-markers-with-places-autocomplete
How to read arabic from json file on server with kotlin using StringRequest,/questions/55473054/how-to-read-arabic-from-json-file-on-server-with-kotlin-using-stringrequest
Avro schema evolution throwing EOFException while deserializing,/questions/55473053/avro-schema-evolution-throwing-eofexception-while-deserializing
"Nginx, redirection's regular expression not working properly",/questions/55473052/nginx-redirections-regular-expression-not-working-properly
Converting a CharacterSet to a String or to an array or Set of characters,/questions/55473051/converting-a-characterset-to-a-string-or-to-an-array-or-set-of-characters
"Prettyphoto plugin (version 3.1.6) not working with jquery version 3,3.1 - youtube video in prettyphoto overlay",/questions/55473049/prettyphoto-plugin-version-3-1-6-not-working-with-jquery-version-3-3-1-youtu
Auth0 roles and permissions,/questions/55473048/auth0-roles-and-permissions
Solr. How to know which request handler is being used. While you are inside a search component,/questions/55473044/solr-how-to-know-which-request-handler-is-being-used-while-you-are-inside-a-se
An issue with a variable sent from a PHP page incrementing each time a button is clicked,/questions/55473041/an-issue-with-a-variable-sent-from-a-php-page-incrementing-each-time-a-button-is
Java project not building additional code,/questions/55473036/java-project-not-building-additional-code
How to parse Cloudformation YAML to get all the !ImportValue from YAML template?,/questions/55473035/how-to-parse-cloudformation-yaml-to-get-all-the-importvalue-from-yaml-template
AudioKit microphone amplitude while playing music,/questions/55473033/audiokit-microphone-amplitude-while-playing-music
How to integrate PowerBI in symfony4,/questions/55473032/how-to-integrate-powerbi-in-symfony4
How to save the available methods in r package with their source code in a text file?,/questions/55473029/how-to-save-the-available-methods-in-r-package-with-their-source-code-in-a-text
How do I store byte arrays inside an object in Couchbase?,/questions/55473028/how-do-i-store-byte-arrays-inside-an-object-in-couchbase
Docker Swarm Networking errors: Bulk sync errors on dynamic ports,/questions/55473025/docker-swarm-networking-errors-bulk-sync-errors-on-dynamic-ports
"At any point during the execution of Kruskal’s algorithm, the set of edges chosen by the algorithm forms a forest",/questions/55473022/at-any-point-during-the-execution-of-kruskal-s-algorithm-the-set-of-edges-chose
Find the minimum number of operations after which P becomes an Identity Permutation,/questions/55473020/find-the-minimum-number-of-operations-after-which-p-becomes-an-identity-permutat
Selenium on Python Flask Application deployed on Heroku gives easyprocess.EasyProcessError,/questions/55473019/selenium-on-python-flask-application-deployed-on-heroku-gives-easyprocess-easypr
Date is not set in DateTime Picker in Asp.net MVC,/questions/55473015/date-is-not-set-in-datetime-picker-in-asp-net-mvc
How can i use both function in one,/questions/55473013/how-can-i-use-both-function-in-one
Entity Framework Still Cache Although Use “Using”,/questions/55473012/entity-framework-still-cache-although-use-using
can't convert JSON data from MongoDB to variable usable in my code,/questions/55473011/cant-convert-json-data-from-mongodb-to-variable-usable-in-my-code
preloaded images get loaded again,/questions/55473008/preloaded-images-get-loaded-again
Cannot call firebase email and google signin after doing an user signup,/questions/55473007/cannot-call-firebase-email-and-google-signin-after-doing-an-user-signup
Thousand separator while typing in inputfields not working on phones,/questions/55473006/thousand-separator-while-typing-in-inputfields-not-working-on-phones
How to fix “Call to undefined method KeycloakGuard\KeycloakGuard::attempt” using laravel package,/questions/55473004/how-to-fix-call-to-undefined-method-keycloakguard-keycloakguardattempt-using
Is there a way to get a list of all closeby users without sending location updates to server?,/questions/55473000/is-there-a-way-to-get-a-list-of-all-closeby-users-without-sending-location-updat
Android set specific default date with time,/questions/55472999/android-set-specific-default-date-with-time
nodejs: how to use literals in external require?,/questions/55472993/nodejs-how-to-use-literals-in-external-require
how to Fetching/retrieving the selected or two/three columns from MySql database tables using typescript,/questions/55472992/how-to-fetching-retrieving-the-selected-or-two-three-columns-from-mysql-database
Calculating lag over a month,/questions/55472989/calculating-lag-over-a-month
Handling Firebase “Tasks” and implement Manager Classes (for Firebase) in Unity,/questions/55472988/handling-firebase-tasks-and-implement-manager-classes-for-firebase-in-unity
Lambda service throws error execution role does not have permissions to call receiveMessage on SQS,/questions/55472987/lambda-service-throws-error-execution-role-does-not-have-permissions-to-call-rec
How to add a warning/notification for a delete button in React?,/questions/55472986/how-to-add-a-warning-notification-for-a-delete-button-in-react
MacLaurin Expansion of sin(x),/questions/55472985/maclaurin-expansion-of-sinx
Setting up a FTP server on Google Cloud Platform,/questions/55472978/setting-up-a-ftp-server-on-google-cloud-platform
Search for values matching multiple criterias in VBA (Access),/questions/55472977/search-for-values-matching-multiple-criterias-in-vba-access
iOS: CollectionView like date picker scrolling effect,/questions/55472974/ios-collectionview-like-date-picker-scrolling-effect
title,url
Servlet array to javascript variable,/questions/55473109/servlet-array-to-javascript-variable
REGEX to match number with alphabet,/questions/55473108/regex-to-match-number-with-alphabet
Laravel 5.6 required_if checkbox is checked,/questions/55473106/laravel-5-6-required-if-checkbox-is-checked
How do i convert a list to multiple comma separated strings?,/questions/55473105/how-do-i-convert-a-list-to-multiple-comma-separated-strings
IOException when opening credentials.json,/questions/55473103/ioexception-when-opening-credentials-json
Can I declare and use variables “inline” in Oracle SQL?,/questions/55473102/can-i-declare-and-use-variables-inline-in-oracle-sql
How java handles L/l suffix in comparison?,/questions/55473101/how-java-handles-l-l-suffix-in-comparison
Build a DataFrame out of .txt file,/questions/55473097/build-a-dataframe-out-of-txt-file
How to use SQL to extract highest sales amount generated by a customer on their last transaction date?,/questions/55473096/how-to-use-sql-to-extract-highest-sales-amount-generated-by-a-customer-on-their
Watir: undefined method `bridge' for nil:NilClass (NoMethodError),/questions/55473094/watir-undefined-method-bridge-for-nilnilclass-nomethoderror
Returning getters from store before mounted gets loaded,/questions/55473091/returning-getters-from-store-before-mounted-gets-loaded
Wysiwyg editor for Linux server embeds in webpage,/questions/55473089/wysiwyg-editor-for-linux-server-embeds-in-webpage
It is unable to restart postgresql in wsl(ubuntu),/questions/55473086/it-is-unable-to-restart-postgresql-in-wslubuntu
Commutator evaluation within sympy.physics.secondquant,/questions/55473083/commutator-evaluation-within-sympy-physics-secondquant
How to mark dates in Telerik datapicker,/questions/55473082/how-to-mark-dates-in-telerik-datapicker
Getting the following error when i upgraded to Rails 5 from rails 4.2.4,/questions/55473080/getting-the-following-error-when-i-upgraded-to-rails-5-from-rails-4-2-4
class com.bumptech.glide.load.engine.GlideException: Failed to load resource,/questions/55473076/class-com-bumptech-glide-load-engine-glideexception-failed-to-load-resource
How to add dynamic data to options on selectpicker using jQuery?,/questions/55473075/how-to-add-dynamic-data-to-options-on-selectpicker-using-jquery
How to FILTER rows that are not blank?,/questions/55473073/how-to-filter-rows-that-are-not-blank
Inserting html in ckeditor causes syntaxerror ( laravel ),/questions/55473072/inserting-html-in-ckeditor-causes-syntaxerror-laravel
Count pattern occurring in a vector of 0 and 1,/questions/55473069/count-pattern-occurring-in-a-vector-of-0-and-1
Clustering of gene co-expression network by igraph R package,/questions/55473065/clustering-of-gene-co-expression-network-by-igraph-r-package
htaccess rewrite rule for categories and sub categories,/questions/55473064/htaccess-rewrite-rule-for-categories-and-sub-categories
bootstrap datepicker on change,/questions/55473063/bootstrap-datepicker-on-change
How can I install/add a virtual printer using c# and commands?,/questions/55473060/how-can-i-install-add-a-virtual-printer-using-c-sharp-and-commands
Correct way to write() and read() in FIFO when buffer sizes for clients are different,/questions/55473059/correct-way-to-write-and-read-in-fifo-when-buffer-sizes-for-clients-are-diff
SEGV_ACCERR CFNetwork _spdylay_map_find,/questions/55473057/segv-accerr-cfnetwork-spdylay-map-find
How to draw route by selecting a markers with places autocomplete?,/questions/55473055/how-to-draw-route-by-selecting-a-markers-with-places-autocomplete
How to read arabic from json file on server with kotlin using StringRequest,/questions/55473054/how-to-read-arabic-from-json-file-on-server-with-kotlin-using-stringrequest
Avro schema evolution throwing EOFException while deserializing,/questions/55473053/avro-schema-evolution-throwing-eofexception-while-deserializing
"Nginx, redirection's regular expression not working properly",/questions/55473052/nginx-redirections-regular-expression-not-working-properly
Converting a CharacterSet to a String or to an array or Set of characters,/questions/55473051/converting-a-characterset-to-a-string-or-to-an-array-or-set-of-characters
"Prettyphoto plugin (version 3.1.6) not working with jquery version 3,3.1 - youtube video in prettyphoto overlay",/questions/55473049/prettyphoto-plugin-version-3-1-6-not-working-with-jquery-version-3-3-1-youtu
Auth0 roles and permissions,/questions/55473048/auth0-roles-and-permissions
Solr. How to know which request handler is being used. While you are inside a search component,/questions/55473044/solr-how-to-know-which-request-handler-is-being-used-while-you-are-inside-a-se
An issue with a variable sent from a PHP page incrementing each time a button is clicked,/questions/55473041/an-issue-with-a-variable-sent-from-a-php-page-incrementing-each-time-a-button-is
Java project not building additional code,/questions/55473036/java-project-not-building-additional-code
How to parse Cloudformation YAML to get all the !ImportValue from YAML template?,/questions/55473035/how-to-parse-cloudformation-yaml-to-get-all-the-importvalue-from-yaml-template
AudioKit microphone amplitude while playing music,/questions/55473033/audiokit-microphone-amplitude-while-playing-music
How to integrate PowerBI in symfony4,/questions/55473032/how-to-integrate-powerbi-in-symfony4
How to save the available methods in r package with their source code in a text file?,/questions/55473029/how-to-save-the-available-methods-in-r-package-with-their-source-code-in-a-text
How do I store byte arrays inside an object in Couchbase?,/questions/55473028/how-do-i-store-byte-arrays-inside-an-object-in-couchbase
Docker Swarm Networking errors: Bulk sync errors on dynamic ports,/questions/55473025/docker-swarm-networking-errors-bulk-sync-errors-on-dynamic-ports
"At any point during the execution of Kruskal’s algorithm, the set of edges chosen by the algorithm forms a forest",/questions/55473022/at-any-point-during-the-execution-of-kruskal-s-algorithm-the-set-of-edges-chose
Find the minimum number of operations after which P becomes an Identity Permutation,/questions/55473020/find-the-minimum-number-of-operations-after-which-p-becomes-an-identity-permutat
Selenium on Python Flask Application deployed on Heroku gives easyprocess.EasyProcessError,/questions/55473019/selenium-on-python-flask-application-deployed-on-heroku-gives-easyprocess-easypr
Date is not set in DateTime Picker in Asp.net MVC,/questions/55473015/date-is-not-set-in-datetime-picker-in-asp-net-mvc
How can i use both function in one,/questions/55473013/how-can-i-use-both-function-in-one
Entity Framework Still Cache Although Use “Using”,/questions/55473012/entity-framework-still-cache-although-use-using
can't convert JSON data from MongoDB to variable usable in my code,/questions/55473011/cant-convert-json-data-from-mongodb-to-variable-usable-in-my-code
title,url
How can I unescape the semicolon in angular urls,/questions/55473115/how-can-i-unescape-the-semicolon-in-angular-urls
Catch unhandled Exception started in another Process from CSC,/questions/55473114/catch-unhandled-exception-started-in-another-process-from-csc
How to get correct double type from C++ using ctypes when restype = c_double?,/questions/55473113/how-to-get-correct-double-type-from-c-using-ctypes-when-restype-c-double
to be ensure that the result was given by async not pool,/questions/55473112/to-be-ensure-that-the-result-was-given-by-async-not-pool
firebase query inside functions,/questions/55473111/firebase-query-inside-functions
Error When Running Servlet The origin server did not find a current representation for the target resource or is not willi,/questions/55473110/error-when-running-servlet-the-origin-server-did-not-find-a-current-representati
Servlet array to javascript variable,/questions/55473109/servlet-array-to-javascript-variable
REGEX to match number with alphabet,/questions/55473108/regex-to-match-number-with-alphabet
Laravel 5.6 required_if checkbox is checked,/questions/55473106/laravel-5-6-required-if-checkbox-is-checked
How do i convert a list to multiple comma separated strings?,/questions/55473105/how-do-i-convert-a-list-to-multiple-comma-separated-strings
IOException when opening credentials.json,/questions/55473103/ioexception-when-opening-credentials-json
Can I declare and use variables “inline” in Oracle SQL?,/questions/55473102/can-i-declare-and-use-variables-inline-in-oracle-sql
How java handles L/l suffix in comparison?,/questions/55473101/how-java-handles-l-l-suffix-in-comparison
Build a DataFrame out of .txt file,/questions/55473097/build-a-dataframe-out-of-txt-file
How to use SQL to extract highest sales amount generated by a customer on their last transaction date?,/questions/55473096/how-to-use-sql-to-extract-highest-sales-amount-generated-by-a-customer-on-their
Watir: undefined method `bridge' for nil:NilClass (NoMethodError),/questions/55473094/watir-undefined-method-bridge-for-nilnilclass-nomethoderror
Returning getters from store before mounted gets loaded,/questions/55473091/returning-getters-from-store-before-mounted-gets-loaded
Wysiwyg editor for Linux server embeds in webpage,/questions/55473089/wysiwyg-editor-for-linux-server-embeds-in-webpage
It is unable to restart postgresql in wsl(ubuntu),/questions/55473086/it-is-unable-to-restart-postgresql-in-wslubuntu
Commutator evaluation within sympy.physics.secondquant,/questions/55473083/commutator-evaluation-within-sympy-physics-secondquant
How to mark dates in Telerik datapicker,/questions/55473082/how-to-mark-dates-in-telerik-datapicker
Getting the following error when i upgraded to Rails 5 from rails 4.2.4,/questions/55473080/getting-the-following-error-when-i-upgraded-to-rails-5-from-rails-4-2-4
class com.bumptech.glide.load.engine.GlideException: Failed to load resource,/questions/55473076/class-com-bumptech-glide-load-engine-glideexception-failed-to-load-resource
How to add dynamic data to options on selectpicker using jQuery?,/questions/55473075/how-to-add-dynamic-data-to-options-on-selectpicker-using-jquery
How to FILTER rows that are not blank?,/questions/55473073/how-to-filter-rows-that-are-not-blank
Inserting html in ckeditor causes syntaxerror ( laravel ),/questions/55473072/inserting-html-in-ckeditor-causes-syntaxerror-laravel
Count pattern occurring in a vector of 0 and 1,/questions/55473069/count-pattern-occurring-in-a-vector-of-0-and-1
Clustering of gene co-expression network by igraph R package,/questions/55473065/clustering-of-gene-co-expression-network-by-igraph-r-package
htaccess rewrite rule for categories and sub categories,/questions/55473064/htaccess-rewrite-rule-for-categories-and-sub-categories
bootstrap datepicker on change,/questions/55473063/bootstrap-datepicker-on-change
How can I install/add a virtual printer using c# and commands?,/questions/55473060/how-can-i-install-add-a-virtual-printer-using-c-sharp-and-commands
Correct way to write() and read() in FIFO when buffer sizes for clients are different,/questions/55473059/correct-way-to-write-and-read-in-fifo-when-buffer-sizes-for-clients-are-diff
SEGV_ACCERR CFNetwork _spdylay_map_find,/questions/55473057/segv-accerr-cfnetwork-spdylay-map-find
How to draw route by selecting a markers with places autocomplete?,/questions/55473055/how-to-draw-route-by-selecting-a-markers-with-places-autocomplete
How to read arabic from json file on server with kotlin using StringRequest,/questions/55473054/how-to-read-arabic-from-json-file-on-server-with-kotlin-using-stringrequest
Avro schema evolution throwing EOFException while deserializing,/questions/55473053/avro-schema-evolution-throwing-eofexception-while-deserializing
"Nginx, redirection's regular expression not working properly",/questions/55473052/nginx-redirections-regular-expression-not-working-properly
Converting a CharacterSet to a String or to an array or Set of characters,/questions/55473051/converting-a-characterset-to-a-string-or-to-an-array-or-set-of-characters
"Prettyphoto plugin (version 3.1.6) not working with jquery version 3,3.1 - youtube video in prettyphoto overlay",/questions/55473049/prettyphoto-plugin-version-3-1-6-not-working-with-jquery-version-3-3-1-youtu
Auth0 roles and permissions,/questions/55473048/auth0-roles-and-permissions
Solr. How to know which request handler is being used. While you are inside a search component,/questions/55473044/solr-how-to-know-which-request-handler-is-being-used-while-you-are-inside-a-se
An issue with a variable sent from a PHP page incrementing each time a button is clicked,/questions/55473041/an-issue-with-a-variable-sent-from-a-php-page-incrementing-each-time-a-button-is
Java project not building additional code,/questions/55473036/java-project-not-building-additional-code
How to parse Cloudformation YAML to get all the !ImportValue from YAML template?,/questions/55473035/how-to-parse-cloudformation-yaml-to-get-all-the-importvalue-from-yaml-template
AudioKit microphone amplitude while playing music,/questions/55473033/audiokit-microphone-amplitude-while-playing-music
How to integrate PowerBI in symfony4,/questions/55473032/how-to-integrate-powerbi-in-symfony4
How to save the available methods in r package with their source code in a text file?,/questions/55473029/how-to-save-the-available-methods-in-r-package-with-their-source-code-in-a-text
How do I store byte arrays inside an object in Couchbase?,/questions/55473028/how-do-i-store-byte-arrays-inside-an-object-in-couchbase
Docker Swarm Networking errors: Bulk sync errors on dynamic ports,/questions/55473025/docker-swarm-networking-errors-bulk-sync-errors-on-dynamic-ports
"At any point during the execution of Kruskal’s algorithm, the set of edges chosen by the algorithm forms a forest",/questions/55473022/at-any-point-during-the-execution-of-kruskal-s-algorithm-the-set-of-edges-chose
